0,0.47204282879829407,0.5832405090332031,-0.04572874680161476
1,0.4742155075073242,0.5186597108840942,-0.045023638755083084
2,0.4833974540233612,0.5504103899002075,-0.033021487295627594
3,0.48619669675827026,0.48878008127212524,-0.012911631725728512
4,0.4767175614833832,0.5046291351318359,-0.0435238815844059
5,0.4849216043949127,0.4934261739253998,-0.03433813154697418
6,0.5086508989334106,0.4704911708831787,0.0053379046730697155
7,0.4726450443267822,0.48869049549102783,0.07910161465406418
8,0.5192241072654724,0.4416874945163727,0.023745885118842125
9,0.5221512317657471,0.4232652187347412,0.030255448073148727
10,0.5405232906341553,0.3735172152519226,0.06499359011650085
11,0.4714895486831665,0.5912405252456665,-0.04672473669052124
12,0.4720175266265869,0.5999573469161987,-0.04552364721894264
13,0.4734598994255066,0.6065932512283325,-0.043936241418123245
14,0.4726324677467346,0.6071674823760986,-0.04539350047707558
15,0.4705713391304016,0.6127247214317322,-0.049122098833322525
16,0.468977153301239,0.6199280023574829,-0.052720535546541214
17,0.46858468651771545,0.6288193464279175,-0.05415096879005432
18,0.4687078893184662,0.6478893160820007,-0.05102214589715004
19,0.47674205899238586,0.5316251516342163,-0.04326273128390312
20,0.4763508439064026,0.5399429798126221,-0.029270431026816368
21,0.4723801612854004,0.4698764681816101,0.16317883133888245
22,0.48912325501441956,0.4941604733467102,0.0518655925989151
23,0.4825851321220398,0.4966185688972473,0.05801966413855553
24,0.47649094462394714,0.49763721227645874,0.06574179232120514
25,0.47012096643447876,0.49432462453842163,0.08083291351795197
26,0.4945674538612366,0.4895695447921753,0.04807986319065094
27,0.48128175735473633,0.4589391350746155,0.06553810834884644
28,0.48835131525993347,0.45913824439048767,0.05893698334693909
29,0.47471797466278076,0.4621797800064087,0.07295697927474976
30,0.47050392627716064,0.4687805771827698,0.0784459039568901
31,0.4640084505081177,0.503646194934845,0.08558649569749832
32,0.4399339556694031,0.6741374731063843,-0.029760418459773064
33,0.4709692597389221,0.48676928877830505,0.08480173349380493
34,0.45952916145324707,0.5234125256538391,0.143334299325943
35,0.4582213759422302,0.4970753490924835,0.10391994565725327
36,0.45842382311820984,0.5416190028190613,0.02210392989218235
37,0.4635457396507263,0.5805965065956116,-0.03636277839541435
38,0.4650556445121765,0.6003840565681458,-0.03748343884944916
39,0.45653414726257324,0.59058678150177,-0.02491822838783264
40,0.45263344049453735,0.6024062037467957,-0.014897860586643219
41,0.46057868003845215,0.6041796207427979,-0.027763746678829193
42,0.45702943205833435,0.6099750995635986,-0.018744485452771187
43,0.44439032673835754,0.6296489238739014,-0.006710807792842388
44,0.46871891617774963,0.5202387571334839,-0.04021673649549484
45,0.4696410298347473,0.5068602561950684,-0.03775544837117195
46,0.4639681577682495,0.4580900967121124,0.09671343117952347
47,0.48245421051979065,0.5094432830810547,0.024840814992785454
48,0.46248263120651245,0.5345208048820496,-0.006964233238250017
49,0.4651722311973572,0.5299732685089111,-0.0020658692810684443
50,0.4414075016975403,0.54945969581604,0.05207619071006775
51,0.47761833667755127,0.4960680902004242,-0.026070978492498398
52,0.478089839220047,0.4376109838485718,0.07188614457845688
53,0.4696066081523895,0.4452062249183655,0.08624979853630066
54,0.47781890630722046,0.4387585520744324,0.15000338852405548
55,0.5041335821151733,0.44195201992988586,0.038013748824596405
56,0.4945361614227295,0.4628937542438507,0.0548725426197052
57,0.4425817131996155,0.6178679466247559,0.005526131484657526
58,0.4513545632362366,0.6614119410514832,0.10203486680984497
59,0.46881532669067383,0.5430938005447388,-0.011054151691496372
60,0.474804162979126,0.5472809076309204,-0.02105305902659893
61,0.4519290328025818,0.6224506497383118,0.00028276635566726327
62,0.45408910512924194,0.6206426024436951,-0.005351807456463575
63,0.4677661061286926,0.4386805295944214,0.0969485267996788
64,0.4642336368560791,0.5440608859062195,-0.005440200213342905
65,0.4890407919883728,0.4353678524494171,0.05566391348838806
66,0.4884559214115143,0.42468151450157166,0.0598333515226841
67,0.5017491579055786,0.3916294574737549,0.10565327107906342
68,0.47269192337989807,0.43994009494781494,0.12100934237241745
69,0.4953277111053467,0.40641772747039795,0.08337604254484177
70,0.461142361164093,0.45481792092323303,0.11056896299123764
71,0.46707257628440857,0.46628597378730774,0.1361464112997055
72,0.46344542503356934,0.591058611869812,-0.03765018656849861
73,0.45812103152275085,0.5977451205253601,-0.027018912136554718
74,0.4544808864593506,0.6061971187591553,-0.017891401425004005
75,0.47129058837890625,0.5466886758804321,-0.012647503986954689
76,0.4530118703842163,0.6215807199478149,-0.0029458135832101107
77,0.45419785380363464,0.6204186081886292,-0.013984640128910542
78,0.4551110565662384,0.6196413040161133,-0.006274213548749685
79,0.46818459033966064,0.5313195586204529,-0.020324772223830223
80,0.45970243215560913,0.6125049591064453,-0.01944621652364731
81,0.46295127272605896,0.6086424589157104,-0.02718895860016346
82,0.46737971901893616,0.6066144108772278,-0.035771433264017105
83,0.4586765170097351,0.6463272571563721,-0.04369911178946495
84,0.46121594309806824,0.6278465986251831,-0.04556969180703163
85,0.4619411528110504,0.6191726922988892,-0.04377053678035736
86,0.4640795588493347,0.6123230457305908,-0.039882950484752655
87,0.46686506271362305,0.6071858406066895,-0.036843784153461456
88,0.45971280336380005,0.6120244264602661,-0.02022789604961872
89,0.457770973443985,0.6153934597969055,-0.02311583422124386
90,0.4555826485157013,0.6193515062332153,-0.02566741406917572
91,0.45363306999206543,0.6244950294494629,-0.024147681891918182
92,0.44977515935897827,0.5844789147377014,-0.004047279711812735
93,0.46208590269088745,0.5993880033493042,0.14934717118740082
94,0.48047277331352234,0.5410221815109253,-0.03587186709046364
95,0.45767027139663696,0.6156023740768433,-0.011980351060628891
96,0.4558708965778351,0.6179722547531128,-0.01403775904327631
97,0.4752497673034668,0.5525152683258057,-0.024953018873929977
98,0.4673830270767212,0.554330587387085,-0.007018165197223425
99,0.4750699996948242,0.5500079393386841,-0.022887129336595535
100,0.473504900932312,0.5194436311721802,0.030218984931707382
101,0.45955562591552734,0.5293976068496704,0.03841910883784294
102,0.4653944671154022,0.5387771725654602,0.0006358788232319057
103,0.4879988729953766,0.4121919274330139,0.12906993925571442
104,0.482867956161499,0.4201784133911133,0.10342612862586975
105,0.47679728269577026,0.4281507134437561,0.08038157224655151
106,0.44660788774490356,0.6357516050338745,-0.01853758655488491
107,0.5027457475662231,0.42455995082855225,0.04338410496711731
108,0.510498046875,0.40025484561920166,0.0647372230887413
109,0.5180796980857849,0.3797268867492676,0.082905113697052
110,0.4721231460571289,0.4974310100078583,0.07406744360923767
111,0.45671042799949646,0.5146481990814209,0.09246283024549484
112,0.4983171224594116,0.4852997958660126,0.04815532639622688
113,0.4651126265525818,0.4769388437271118,0.09198128432035446
114,0.4889339804649353,0.4985524117946625,0.021291017532348633
115,0.46391913294792175,0.5234163999557495,-0.015828115865588188
116,0.44628745317459106,0.5351081490516663,0.10457602888345718
117,0.4590091109275818,0.5210080146789551,0.07789622992277145
118,0.46526479721069336,0.5221339464187622,0.060707151889801025
119,0.4775165319442749,0.5167092680931091,0.04762306436896324
120,0.487406849861145,0.5095015168190002,0.03950367122888565
121,0.4946363568305969,0.50147545337677,0.03379889577627182
122,0.5005823969841003,0.47535043954849243,0.013350416906177998
123,0.4376494884490967,0.5597790479660034,0.09107999503612518
124,0.46045416593551636,0.47676241397857666,0.10248366743326187
125,0.47381591796875,0.5320386290550232,-0.03965609148144722
126,0.4772840738296509,0.5179942846298218,0.015164780430495739
127,0.4696089029312134,0.537385880947113,0.17216265201568604
128,0.5003603100776672,0.49311673641204834,0.031671877950429916
129,0.4676327109336853,0.5438945293426514,0.007442947011440992
130,0.468412846326828,0.48747217655181885,0.08825571089982986
131,0.46779337525367737,0.5182718634605408,-0.0099741006270051
132,0.4570271074771881,0.6308072805404663,0.1287766546010971
133,0.4990226924419403,0.48158836364746094,0.053256142884492874
134,0.4723718464374542,0.504997968673706,-0.018704397603869438
135,0.43355485796928406,0.6641160249710083,0.03467889502644539
136,0.44050905108451843,0.6909611225128174,0.042677413672208786
137,0.44609731435775757,0.5791931748390198,0.12308691442012787
138,0.43527331948280334,0.6527332663536072,0.05945604667067528
139,0.46415242552757263,0.493825227022171,0.14373643696308136
140,0.4370988607406616,0.6915242075920105,-0.029910549521446228
141,0.4782009720802307,0.5411292910575867,-0.03332528844475746
142,0.47022026777267456,0.5305745005607605,0.018267126753926277
143,0.45297324657440186,0.5023391246795654,0.11718078702688217
144,0.4778594672679901,0.48967546224594116,0.06777044385671616
145,0.4828987121582031,0.48904287815093994,0.06139399856328964
146,0.45258015394210815,0.6236464977264404,-0.011668616905808449
147,0.43412837386131287,0.5871217846870422,0.07920260727405548
148,0.44687214493751526,0.7159493565559387,-0.04470907151699066
149,0.43889540433883667,0.7051878571510315,-0.003382002701982856
150,0.4390036463737488,0.6997776627540588,0.017604274675250053
151,0.5303878784179688,0.3970288634300232,0.047915901988744736
152,0.4624934792518616,0.7215175628662109,-0.06021012365818024
153,0.4881477952003479,0.48718878626823425,0.056645315140485764
154,0.49332475662231445,0.484452486038208,0.05436312034726143
155,0.4969407021999359,0.48275113105773926,0.05441434308886528
156,0.45652446150779724,0.4770234227180481,0.11635895818471909
157,0.49283480644226074,0.47520843148231506,0.057267528027296066
158,0.48709356784820557,0.47370702028274536,0.06089985370635986
159,0.481765478849411,0.47400757670402527,0.06587575376033783
160,0.47664961218833923,0.4768010079860687,0.0718068853020668
161,0.473550945520401,0.48065197467803955,0.07612377405166626
162,0.4705110788345337,0.5009462237358093,0.1717282384634018
163,0.4747646152973175,0.4893549680709839,0.07422510534524918
164,0.48082593083381653,0.5600652098655701,-0.03549403324723244
165,0.457051157951355,0.5729284286499023,-0.011037043295800686
166,0.46744921803474426,0.5388461351394653,-0.01277722604572773
167,0.46993887424468994,0.5624210238456726,-0.027830906212329865
168,0.5162333846092224,0.45951104164123535,0.017631491646170616
169,0.43407759070396423,0.6758074760437012,0.011408942751586437
170,0.43564558029174805,0.6835788488388062,-0.009567918255925179
171,0.4438951909542084,0.6985604763031006,-0.05093936622142792
172,0.4455220699310303,0.68083256483078,0.07252784818410873
173,0.49689677357673645,0.47866442799568176,0.055304963141679764
174,0.487329363822937,0.4924582242965698,0.005207671783864498
175,0.4595743417739868,0.7030000686645508,-0.06613840162754059
176,0.44036465883255005,0.7100027799606323,-0.02460077591240406
177,0.4420654773712158,0.6085520386695862,0.10603001713752747
178,0.46269044280052185,0.6087930798530579,-0.02807662822306156
179,0.4600966274738312,0.6132305860519409,-0.030876124277710915
180,0.4578181505203247,0.6187830567359924,-0.033726710826158524
181,0.45624107122421265,0.6262296438217163,-0.03397601470351219
182,0.4509910047054291,0.6414470672607422,-0.030606068670749664
183,0.45489415526390076,0.6160984039306641,-0.010294171050190926
184,0.4526919722557068,0.6152682304382324,-0.007815171964466572
185,0.451108455657959,0.6138295531272888,-0.005392102990299463
186,0.44453150033950806,0.6000953912734985,0.0037496888544410467
187,0.4338319003582001,0.5836122035980225,0.05209210887551308
188,0.4952934682369232,0.4859960377216339,0.017852183431386948
189,0.5044767260551453,0.4682040214538574,0.04371947795152664
190,0.500225305557251,0.47204291820526123,0.051991526037454605
191,0.45766907930374146,0.6162270307540894,-0.01144805084913969
192,0.43260541558265686,0.6229248046875,0.050550419837236404
193,0.5091785788536072,0.4645789861679077,0.028947684913873672
194,0.44602325558662415,0.6582486033439636,-0.029978560283780098
195,0.4932954013347626,0.485841304063797,-0.021004460752010345
196,0.4929179847240448,0.48245537281036377,-0.0007209245231933892
197,0.5008367300033569,0.47854283452033997,-0.007149368990212679
198,0.4760606288909912,0.5120781660079956,0.00034284256980754435
199,0.4608538746833801,0.6840336322784424,-0.06431101262569427
200,0.46517083048820496,0.6650615930557251,-0.057574834674596786
201,0.45313286781311035,0.6631144285202026,-0.04695885255932808
202,0.4385118782520294,0.6389680504798889,-0.00031346952891908586
203,0.4597012996673584,0.5568071007728577,0.010654128156602383
204,0.441474050283432,0.650800347328186,-0.015611400827765465
205,0.44390398263931274,0.5596864819526672,0.027070140466094017
206,0.4490884244441986,0.5715911984443665,0.012227599509060383
207,0.435957670211792,0.5863929390907288,0.030007347464561462
208,0.44648799300193787,0.6809262633323669,-0.04968087002635002
209,0.4728658199310303,0.5241814851760864,0.005699180066585541
210,0.4339226484298706,0.6542373299598694,0.007078200113028288
211,0.4372215270996094,0.6649917960166931,-0.012400143779814243
212,0.436562716960907,0.6227278709411621,0.013696132227778435
213,0.4332261383533478,0.6117638349533081,0.06960229575634003
214,0.4320679008960724,0.631216824054718,0.026657402515411377
215,0.43862688541412354,0.6341456174850464,0.08689358085393906
216,0.4410613775253296,0.5931550860404968,0.015070393681526184
217,0.48244792222976685,0.50518399477005,0.010660133324563503
218,0.4651135206222534,0.528207540512085,-0.019859015941619873
219,0.46377772092819214,0.5379506349563599,-0.012036708183586597
220,0.46623286604881287,0.513687014579773,-0.0255297664552927
221,0.49950093030929565,0.45610806345939636,0.049973346292972565
222,0.4891398847103119,0.4502626061439514,0.05888921767473221
223,0.4801023602485657,0.4502183496952057,0.06733375787734985
224,0.47230857610702515,0.45458778738975525,0.07700035721063614
225,0.46742868423461914,0.4635022282600403,0.08558838814496994
226,0.46406257152557373,0.49162566661834717,0.09420162439346313
227,0.4516603350639343,0.5511253476142883,0.13532477617263794
228,0.46619942784309387,0.5074558854103088,0.0762750506401062
229,0.47136998176574707,0.5084387063980103,0.06454107165336609
230,0.47987136244773865,0.5061531066894531,0.05385661870241165
231,0.4885654151439667,0.5013419389724731,0.045865971595048904
232,0.4952928125858307,0.495513916015625,0.04157024249434471
233,0.5000184774398804,0.49006912112236023,0.03872343525290489
234,0.467069536447525,0.5691916346549988,0.1647253930568695
235,0.4657653570175171,0.5443174839019775,-0.00970089714974165
236,0.480553537607193,0.49841243028640747,-0.005585383158177137
237,0.4665535092353821,0.522641658782959,-0.03120364248752594
238,0.47346246242523193,0.5337419509887695,-0.03442780673503876
239,0.46956032514572144,0.5292041897773743,-0.027989165857434273
240,0.46883338689804077,0.5501699447631836,-0.011305635794997215
241,0.47288551926612854,0.5328272581100464,-0.03778044879436493
242,0.47680655121803284,0.5411638617515564,-0.03129204362630844
243,0.5012953281402588,0.4807250499725342,0.048285942524671555
244,0.5043983459472656,0.48192328214645386,0.03795386850833893
245,0.505293607711792,0.4819348454475403,0.029309330508112907
246,0.47190165519714355,0.4838343858718872,0.08016317337751389
247,0.4681514799594879,0.47729432582855225,0.0842217281460762
248,0.5013937950134277,0.4889936149120331,-0.024932099506258965
249,0.5961896777153015,0.48853617906570435,-0.007502127904444933
250,0.4893278181552887,0.5391056537628174,-0.038501739501953125
251,0.673159658908844,0.46372610330581665,0.03088059462606907
252,0.563854992389679,0.49663129448890686,-0.00402702484279871
253,0.5741317272186279,0.499099463224411,-0.009201630018651485
254,0.5847474932670593,0.49984973669052124,-0.01185464859008789
255,0.6021404266357422,0.494100958108902,-0.010790146887302399
256,0.5552933216094971,0.491969496011734,0.00404002983123064
257,0.5793206691741943,0.4555571377277374,-0.003935415297746658
258,0.5681957006454468,0.4568105638027191,0.00408301642164588
259,0.5909178853034973,0.45802628993988037,-0.007561407517641783
260,0.599338948726654,0.46454140543937683,-0.008769270963966846
261,0.6111739277839661,0.5047003626823425,-0.01286289468407631
262,0.5094797611236572,0.6856704354286194,-0.07143040001392365
263,0.6015173196792603,0.48507678508758545,-0.0057528577744960785
264,0.6642624735832214,0.5265581011772156,0.006913258694112301
265,0.6274526119232178,0.49709171056747437,-0.006971679162234068
266,0.5494329929351807,0.5446590185165405,-0.03473760932683945
267,0.4844960868358612,0.5815558433532715,-0.05130941420793533
268,0.4832747280597687,0.6020753383636475,-0.05116979777812958
269,0.49912402033805847,0.5952152013778687,-0.055697470903396606
270,0.5096801519393921,0.6090593338012695,-0.05720866098999977
271,0.4953375458717346,0.6083292961120605,-0.05454748868942261
272,0.505452036857605,0.6161935329437256,-0.054458312690258026
273,0.5300863981246948,0.637076199054718,-0.06111400946974754
274,0.48231837153434753,0.5198856592178345,-0.048056118190288544
275,0.4862706959247589,0.5067463517189026,-0.04708231985569
276,0.6166926026344299,0.4513149559497833,-0.006303878966718912
277,0.5382909178733826,0.5097357034683228,-0.011776164174079895
278,0.5190725922584534,0.5361141562461853,-0.041930489242076874
279,0.5236107707023621,0.5317715406417847,-0.03806589916348457
280,0.5873273015022278,0.5547223091125488,-0.04174905642867088
281,0.49385449290275574,0.49637821316719055,-0.038005851209163666
282,0.5858417749404907,0.43029195070266724,0.0010174543131142855
283,0.6029821038246155,0.43751829862594604,-0.002924789674580097
284,0.6553247570991516,0.42791157960891724,0.031958773732185364
285,0.5390318036079407,0.43992894887924194,0.015258274041116238
286,0.5586417317390442,0.4621957242488861,0.010250533930957317
287,0.5411099195480347,0.6249426603317261,-0.06014431267976761
288,0.6401743292808533,0.6808874607086182,-0.02352166548371315
289,0.5104424357414246,0.5439995527267456,-0.03739297017455101
290,0.5007627606391907,0.5479364991188049,-0.03409114107489586
291,0.522348165512085,0.6320751905441284,-0.05661431699991226
292,0.5197888016700745,0.6302474141120911,-0.05518379062414169
293,0.6118648648262024,0.4294688105583191,0.0017850904259830713
294,0.5213836431503296,0.5468741655349731,-0.03976879641413689
295,0.56511390209198,0.4301120638847351,0.007053010631352663
296,0.5672780275344849,0.41870826482772827,0.009524279274046421
297,0.599903404712677,0.3795933723449707,0.03836650028824806
298,0.6343268156051636,0.42884838581085205,0.015433904714882374
299,0.5829183459281921,0.3954944610595703,0.02496536634862423
300,0.6272538304328918,0.44792914390563965,-0.00024317740462720394
301,0.6507912874221802,0.45926523208618164,0.01574259251356125
302,0.48353660106658936,0.592352032661438,-0.0524551160633564
303,0.4966900944709778,0.6019219160079956,-0.05597976967692375
304,0.507187008857727,0.6124976873397827,-0.05661075562238693
305,0.5083839893341064,0.5481137037277222,-0.03394905477762222
306,0.5208399891853333,0.6311532855033875,-0.05546524003148079
307,0.5133451819419861,0.6287868022918701,-0.05829997733235359
308,0.5186275839805603,0.6291931867599487,-0.05467361584305763
309,0.5003272294998169,0.5304517149925232,-0.044101838022470474
310,0.504607081413269,0.6185140609741211,-0.05333390459418297
311,0.4945458471775055,0.6121759414672852,-0.05235854908823967
312,0.4836815297603607,0.6081503629684448,-0.049813348799943924
313,0.48385876417160034,0.64963698387146,-0.057407453656196594
314,0.4802825450897217,0.6302340626716614,-0.06054830178618431
315,0.4803340435028076,0.6210206151008606,-0.059226591140031815
316,0.48128223419189453,0.6137294173240662,-0.055239979177713394
317,0.48258084058761597,0.6086693406105042,-0.05130770057439804
318,0.5035852193832397,0.6186334490776062,-0.05421395227313042
319,0.5037475824356079,0.6215159296989441,-0.057170793414115906
320,0.5045071244239807,0.6258131861686707,-0.0608024038374424
321,0.5055162906646729,0.6312401294708252,-0.062083788216114044
322,0.5283893346786499,0.5895624756813049,-0.05299437418580055
323,0.672339677810669,0.6122517585754395,0.00902306567877531
324,0.511863112449646,0.6243948936462402,-0.054367151111364365
325,0.5121526718139648,0.6262097954750061,-0.05664564296603203
326,0.49621161818504333,0.5534948110580444,-0.037650443613529205
327,0.5187252163887024,0.5581296682357788,-0.03452220559120178
328,0.4982313811779022,0.5508998036384583,-0.035459600389003754
329,0.5479853749275208,0.5203856229782104,-0.018825460225343704
330,0.5625234246253967,0.5312735438346863,-0.028282228857278824
331,0.5263693928718567,0.5415387153625488,-0.03657875210046768
332,0.631266176700592,0.3990616798400879,0.03331270068883896
333,0.612522304058075,0.4072744846343994,0.01851193793118
334,0.5913163423538208,0.41985294222831726,0.004918795544654131
335,0.5169159173965454,0.6433150768280029,-0.0632287934422493
336,0.5423919558525085,0.42149388790130615,0.0180599894374609
337,0.5566078424453735,0.3940773010253906,0.03432464599609375
338,0.5705580711364746,0.3724088668823242,0.04886670038104057
339,0.5951467156410217,0.4986834228038788,-0.012357313185930252
340,0.6245235204696655,0.5175751447677612,-0.017412370070815086
341,0.5495696067810059,0.48749205470085144,0.008820390328764915
342,0.6127976179122925,0.4734439253807068,-0.008070258423686028
343,0.5316885709762573,0.49825429916381836,-0.007875503040850163
344,0.5091438293457031,0.5234965682029724,-0.04398250952363014
345,0.6360795497894287,0.5391269326210022,-0.02057819999754429
346,0.6121684908866882,0.52422034740448,-0.025494100525975227
347,0.594079852104187,0.5258581042289734,-0.026882357895374298
348,0.5722998380661011,0.5204728245735168,-0.01920785941183567
349,0.5580766201019287,0.5128658413887024,-0.011050102300941944
350,0.547106921672821,0.5047414302825928,-0.004154200199991465
351,0.5178326964378357,0.4748678207397461,0.0010599357774481177
352,0.626914381980896,0.5679303407669067,-0.033995918929576874
353,0.6234099864959717,0.473408967256546,-0.007065488491207361
354,0.48078882694244385,0.5315333604812622,-0.045888133347034454
355,0.5316731929779053,0.5190733075141907,-0.020394960418343544
356,0.685392439365387,0.5421962141990662,0.02866428904235363
357,0.5386425256729126,0.49563363194465637,0.002189644845202565
358,0.5307185649871826,0.5470919013023376,-0.02962319739162922
359,0.6073642373085022,0.48523837327957153,-0.0067102923057973385
360,0.5147435665130615,0.5190724730491638,-0.038516100496053696
361,0.6596846580505371,0.6471909880638123,-0.005692183040082455
362,0.5509182214736938,0.48344001173973083,0.01215203944593668
363,0.5038459300994873,0.5053173899650574,-0.039645493030548096
364,0.581930935382843,0.6841678619384766,-0.05955779552459717
365,0.5874586701393127,0.7139106392860413,-0.053001631051301956
366,0.6531050205230713,0.5900362730026245,-0.01384029071778059
367,0.6062819957733154,0.6724027395248413,-0.05131294205784798
368,0.6593385338783264,0.4918573200702667,0.014097466133534908
369,0.5101948976516724,0.7057238817214966,-0.07498009502887726
370,0.48367446660995483,0.5407193899154663,-0.03711656853556633
371,0.5396957397460938,0.5325642228126526,-0.02581479400396347
372,0.6407488584518433,0.5040318369865417,-0.005282269325107336
373,0.5834606885910034,0.4916466772556305,-0.008233234286308289
374,0.5740915536880493,0.49147912859916687,-0.005978032946586609
375,0.5151075720787048,0.6320657730102539,-0.0593826100230217
376,0.6206545233726501,0.5990490317344666,-0.04159766808152199
377,0.48580870032310486,0.7251521944999695,-0.06940469890832901
378,0.5341231822967529,0.7244486212730408,-0.0650775283575058
379,0.5580469965934753,0.7214416265487671,-0.06025291234254837
380,0.5658923387527466,0.4897426664829254,-0.000899069884326309
381,0.5585045218467712,0.48682901263237,0.004872482270002365
382,0.5535338521003723,0.4849972128868103,0.009975803084671497
383,0.6353090405464172,0.47388917207717896,-0.0017894465709105134
384,0.5609582662582397,0.47767266631126404,0.006743819918483496
385,0.5696347951889038,0.4755886495113373,0.002475135726854205
386,0.5774484276771545,0.47523003816604614,-0.002053565112873912
387,0.5862845778465271,0.47684183716773987,-0.005528037901967764
388,0.5928866863250732,0.47968611121177673,-0.006658890750259161
389,0.6827659010887146,0.4999427795410156,0.031981199979782104
390,0.5905632972717285,0.4903551936149597,-0.008409959264099598
391,0.5182680487632751,0.5771399736404419,-0.0481083020567894
392,0.5091376900672913,0.5389675498008728,-0.03730306029319763
393,0.4945797622203827,0.5634828805923462,-0.04302988201379776
394,0.5578761696815491,0.6950498819351196,-0.06495663523674011
395,0.535048246383667,0.7012472152709961,-0.06998829543590546
396,0.4841865301132202,0.7065954208374023,-0.07549078017473221
397,0.6146534085273743,0.7026005983352661,-0.04003967344760895
398,0.5540081858634949,0.4810210168361664,0.010156136937439442
399,0.5170260071754456,0.4924238324165344,-0.014495410956442356
400,0.5095301270484924,0.7253172397613525,-0.070282943546772
401,0.6435655951499939,0.6230241060256958,-0.025326507166028023
402,0.4933677017688751,0.612457275390625,-0.053604643791913986
403,0.49310392141342163,0.6167007088661194,-0.057390790432691574
404,0.49298521876335144,0.6226099729537964,-0.061458148062229156
405,0.49293744564056396,0.6306835412979126,-0.06306788325309753
406,0.5011721849441528,0.6474409103393555,-0.0631275400519371
407,0.5140653252601624,0.6241499185562134,-0.05489122495055199
408,0.5157475471496582,0.6231848001480103,-0.05656621232628822
409,0.5179240703582764,0.6218390464782715,-0.05747144669294357
410,0.5363782048225403,0.6060017943382263,-0.057015810161828995
411,0.594898521900177,0.5937645435333252,-0.05007334426045418
412,0.5248469114303589,0.48535019159317017,-0.0024390658363699913
413,0.541829526424408,0.4689004123210907,0.017587430775165558
414,0.5492181777954102,0.472899466753006,0.014378081075847149
415,0.5124912261962891,0.6244283318519592,-0.05390474572777748
416,0.595753014087677,0.6381218433380127,-0.05370878055691719
417,0.5290594100952148,0.46480289101600647,0.01392289251089096
418,0.5067825317382812,0.6671873331069946,-0.06616584211587906
419,0.5094676613807678,0.48241114616394043,-0.01127359177917242
420,0.5188222527503967,0.5129870176315308,-0.025782056152820587
421,0.484453022480011,0.6680692434310913,-0.06440391391515732
422,0.5418193340301514,0.6499795913696289,-0.06322645395994186
423,0.537799060344696,0.561116635799408,-0.03629431873559952
424,0.5258330702781677,0.6617023944854736,-0.06547105312347412
425,0.5636138916015625,0.5649878978729248,-0.04619196429848671
426,0.5446202158927917,0.5770968198776245,-0.04644017666578293
427,0.572273313999176,0.5950791835784912,-0.05394775792956352
428,0.48413094878196716,0.6874715685844421,-0.07276102155447006
429,0.5267298221588135,0.525649905204773,-0.027244500815868378
430,0.5525258779525757,0.6694418787956238,-0.06527412682771683
431,0.5314341187477112,0.6791839599609375,-0.06816186755895615
432,0.5539657473564148,0.6327825784683228,-0.06209202855825424
433,0.6144902110099792,0.6263652443885803,-0.04654613509774208
434,0.5728085041046143,0.6456024646759033,-0.060970842838287354
435,0.6296692490577698,0.6515098810195923,-0.03812434896826744
436,0.5512420535087585,0.6004100441932678,-0.0544869601726532
437,0.5244405269622803,0.5055569410324097,-0.017424428835511208
438,0.5035775303840637,0.5277822017669678,-0.045573603361845016
439,0.5140056610107422,0.5389614105224609,-0.041568320244550705
440,0.49726760387420654,0.5136529207229614,-0.04635893926024437
441,0.5504088997840881,0.45504388213157654,0.014071189798414707
442,0.5666710734367371,0.44648632407188416,0.006567809730768204
443,0.581174910068512,0.44496044516563416,-0.0011325692757964134
444,0.5948244333267212,0.4490448832511902,-0.006520612630993128
445,0.605888843536377,0.4582024812698364,-0.008094390854239464
446,0.6158208250999451,0.4909074604511261,-0.007158144377171993
447,0.6602576375007629,0.558036744594574,-0.004716129973530769
448,0.6027939319610596,0.5092854499816895,-0.01626479998230934
449,0.5893362164497375,0.5112351179122925,-0.016221309080719948
450,0.5743616223335266,0.5090653896331787,-0.01269671879708767
451,0.561292290687561,0.5042581558227539,-0.006478677969425917
452,0.5513042211532593,0.49824652075767517,0.0020663850009441376
453,0.5441280603408813,0.49238720536231995,0.006695832125842571
454,0.6806597709655762,0.5784687399864197,0.02132521942257881
455,0.5154567956924438,0.5463071465492249,-0.03872975334525108
456,0.510034441947937,0.49874773621559143,-0.026136603206396103
457,0.4912756681442261,0.522229790687561,-0.0476282462477684
458,0.4871031641960144,0.5329376459121704,-0.043887458741664886
459,0.4930100440979004,0.5283388495445251,-0.044727735221385956
460,0.5136545896530151,0.5528469085693359,-0.03565041720867157
461,0.4841092824935913,0.5321297645568848,-0.04548889771103859
462,0.4866105914115906,0.5406309962272644,-0.037816692143678665
463,0.5460814237594604,0.482180655002594,0.014138082042336464
464,0.5389189720153809,0.4834384322166443,0.012986651621758938
465,0.5328038334846497,0.4835716187953949,0.008655563928186893
466,0.5974167585372925,0.4823419153690338,-0.006635630968958139
467,0.6058873534202576,0.4735739231109619,-0.008324019610881805
468,0.4876355230808258,0.48011666536331177,0.06583835929632187
469,0.4957164525985718,0.4798085689544678,0.06583835929632187
470,0.4896475076675415,0.4707949757575989,0.06583835929632187
471,0.47958001494407654,0.4805839955806732,0.06583835929632187
472,0.4857169985771179,0.48983925580978394,0.06583835929632187
473,0.5849254727363586,0.4834138751029968,-0.0007047493709251285
474,0.5962321758270264,0.48496681451797485,-0.0007047493709251285
475,0.5858854055404663,0.4711061716079712,-0.0007047493709251285
476,0.5737342238426208,0.48187461495399475,-0.0007047493709251285
477,0.5839948058128357,0.4954908490180969,-0.0007047493709251285
