0,0.4831535816192627,0.8652143478393555,-0.00999130867421627
1,0.45851558446884155,0.8307698965072632,-0.045944251120090485
2,0.4791637659072876,0.8330045342445374,-0.016437312588095665
3,0.4473170042037964,0.7774961590766907,-0.03891667351126671
4,0.4529823064804077,0.8185794949531555,-0.05251732096076012
5,0.45252758264541626,0.7966617345809937,-0.0534401498734951
6,0.45589250326156616,0.7306117415428162,-0.04303720220923424
7,0.41187596321105957,0.714819073677063,0.044914599508047104
8,0.4494808316230774,0.6819404363632202,-0.04690387472510338
9,0.44281136989593506,0.661643385887146,-0.05479377880692482
10,0.4289107918739319,0.5821593403816223,-0.0697244182229042
11,0.4843762516975403,0.869900643825531,-0.00690938625484705
12,0.4869372844696045,0.873457670211792,-0.0020268254447728395
13,0.4900488257408142,0.8757463097572327,0.005691069643944502
14,0.4891176223754883,0.8748142123222351,0.0049163964577019215
15,0.48850077390670776,0.8796757459640503,0.007489992305636406
16,0.4892558455467224,0.8853566646575928,0.008309556171298027
17,0.4919712543487549,0.890920877456665,0.013204765506088734
18,0.515235424041748,0.9056963324546814,0.027503417804837227
19,0.46537160873413086,0.8342626094818115,-0.03934546187520027
20,0.4629392623901367,0.8293672800064087,-0.02011781372129917
21,0.3901841640472412,0.6364577412605286,0.09696275740861893
22,0.4383544623851776,0.7235787510871887,0.018078988417983055
23,0.43017205595970154,0.7269784212112427,0.026592832058668137
24,0.4222680926322937,0.7278221845626831,0.03581831604242325
25,0.41578054428100586,0.7185394167900085,0.051096346229314804
26,0.44238120317459106,0.7185662388801575,0.01164196152240038
27,0.4094138741493225,0.690769374370575,0.01621810346841812
28,0.41951045393943787,0.6895136833190918,0.006352778524160385
29,0.40305936336517334,0.6945100426673889,0.027400724589824677
30,0.4022373557090759,0.6999142169952393,0.03616543486714363
31,0.41662609577178955,0.7287759184837341,0.06177542731165886
32,0.500961184501648,0.9082260131835938,0.06885690242052078
33,0.4104626178741455,0.710980236530304,0.04956785961985588
34,0.41218477487564087,0.6941766142845154,0.12402520328760147
35,0.4138808250427246,0.7163561582565308,0.07575249671936035
36,0.441809743642807,0.7991596460342407,0.028770482167601585
37,0.4768899977207184,0.8640437722206116,-0.0010196862276643515
38,0.48234137892723083,0.8732781410217285,0.006275954190641642
39,0.4740320146083832,0.866862416267395,0.014233575202524662
40,0.4736135005950928,0.8701932430267334,0.027760889381170273
41,0.4798586964607239,0.87339848279953,0.016463611274957657
42,0.47834181785583496,0.8738974928855896,0.027533605694770813
43,0.47912293672561646,0.885331928730011,0.057567957788705826
44,0.451576828956604,0.8302081823348999,-0.040607403963804245
45,0.44530290365219116,0.8192804455757141,-0.04589217156171799
46,0.3886280059814453,0.6892828345298767,0.04337196797132492
47,0.4471951723098755,0.7576727271080017,0.004916300997138023
48,0.445781946182251,0.8167091608047485,-0.0021520250011235476
49,0.44561681151390076,0.8068484663963318,-0.0004891373100690544
50,0.4266487956047058,0.7910435199737549,0.06169498339295387
51,0.4451903700828552,0.798522412776947,-0.04339740797877312
52,0.3872973918914795,0.6773803234100342,0.0037485139910131693
53,0.38379931449890137,0.6820167899131775,0.023981735110282898
54,0.3769913911819458,0.6212952733039856,0.06210894510149956
55,0.42054885625839233,0.6833083629608154,-0.031179331243038177
56,0.42980244755744934,0.6920137405395508,0.0035414795856922865
57,0.4704274833202362,0.8753519654273987,0.06244983151555061
58,0.4821096658706665,0.7977566123008728,0.18847519159317017
59,0.4547654390335083,0.8231784105300903,-0.0018906204495579004
60,0.4629625678062439,0.8283389806747437,-0.0077619394287467
61,0.4751547574996948,0.8750566244125366,0.054416973143815994
62,0.47685933113098145,0.8745536804199219,0.04698743298649788
63,0.3799780011177063,0.6719038486480713,0.028896914795041084
64,0.4509168565273285,0.8205814361572266,0.004450589418411255
65,0.39844760298728943,0.6765076518058777,-0.014875710010528564
66,0.3914951682090759,0.6647165417671204,-0.019291404634714127
67,0.38113412261009216,0.5997667908668518,-0.014473595656454563
68,0.37732696533203125,0.6434618234634399,0.04355646297335625
69,0.38904935121536255,0.6318473219871521,-0.01702946424484253
70,0.38794445991516113,0.6807247400283813,0.053481101989746094
71,0.38648349046707153,0.6552777290344238,0.07355310767889023
72,0.47899365425109863,0.8695472478866577,0.0016914249863475561
73,0.4765380620956421,0.8708097338676453,0.01498943567276001
74,0.47567814588546753,0.8723489046096802,0.02661978453397751
75,0.4587689936161041,0.8254614472389221,-0.0015755490167066455
76,0.4759553372859955,0.8748819231987,0.05012781545519829
77,0.4772067368030548,0.8770825862884521,0.041294779628515244
78,0.47762537002563477,0.8743566274642944,0.04597264155745506
79,0.45073434710502625,0.8227105140686035,-0.017982298508286476
80,0.48126375675201416,0.8747779130935669,0.02993546798825264
81,0.48296546936035156,0.8751553297042847,0.021875370293855667
82,0.48571789264678955,0.875691294670105,0.013603746891021729
83,0.504899263381958,0.9050003886222839,0.03458842635154724
84,0.4862617552280426,0.8898203372955322,0.020572442561388016
85,0.4838153123855591,0.8843204379081726,0.01641949452459812
86,0.48360684514045715,0.8792948722839355,0.015486459247767925
87,0.48501917719841003,0.8750032782554626,0.012786020524799824
88,0.4807192087173462,0.8749980330467224,0.02940507046878338
89,0.4794694185256958,0.8770775198936462,0.030504047870635986
90,0.47868070006370544,0.879550039768219,0.031290825456380844
91,0.4786757826805115,0.8829739689826965,0.03611164912581444
92,0.46198707818984985,0.8554708957672119,0.03163047134876251
93,0.455118328332901,0.7304794788360596,0.18764451146125793
94,0.47205665707588196,0.8334067463874817,-0.02486901730298996
95,0.47949838638305664,0.8749178051948547,0.038788117468357086
96,0.47814124822616577,0.875885546207428,0.03952331840991974
97,0.46879222989082336,0.8341361880302429,-0.006309658754616976
98,0.45893749594688416,0.8277637958526611,0.00983811542391777
99,0.4658733010292053,0.8314943909645081,-0.007547924295067787
100,0.44354450702667236,0.7656055688858032,0.01830313913524151
101,0.4344356060028076,0.7775421738624573,0.034264858812093735
102,0.4491416811943054,0.8111783862113953,0.007155789528042078
103,0.3731382489204407,0.6090444326400757,0.02356630563735962
104,0.37767112255096436,0.6349820494651794,0.013644110411405563
105,0.3809340000152588,0.6655796766281128,0.00417214073240757
106,0.4860948622226715,0.891663670539856,0.05092857778072357
107,0.4092296361923218,0.665116548538208,-0.0386006161570549
108,0.408117413520813,0.6297082304954529,-0.04185513034462929
109,0.3993608057498932,0.5916900634765625,-0.045959971845149994
110,0.41784483194351196,0.7246407866477966,0.04517153650522232
111,0.4196409583091736,0.7384687662124634,0.07621884346008301
112,0.44398894906044006,0.7141050100326538,0.009007635526359081
113,0.40307706594467163,0.7033500075340271,0.05148513987660408
114,0.4483095109462738,0.749667227268219,-0.005156476981937885
115,0.4436509907245636,0.8154356479644775,-0.01688932627439499
116,0.41345250606536865,0.7366521954536438,0.09923431277275085
117,0.4172975718975067,0.7526426911354065,0.06683648377656937
118,0.419472873210907,0.7612845301628113,0.04948980733752251
119,0.4302855134010315,0.7580658197402954,0.03284085914492607
120,0.43905478715896606,0.7495529651641846,0.019432559609413147
121,0.4429610073566437,0.7419339418411255,0.007845215499401093
122,0.4486614167690277,0.734338104724884,-0.03122098557651043
123,0.4226158857345581,0.768747866153717,0.1053040400147438
124,0.40081465244293213,0.7005105018615723,0.06048140674829483
125,0.4608171880245209,0.8340964913368225,-0.035176750272512436
126,0.44901514053344727,0.7764278054237366,0.004649498034268618
127,0.425879567861557,0.675898551940918,0.15920549631118774
128,0.44432947039604187,0.7342217564582825,-0.0010808822698891163
129,0.4528527557849884,0.8082000017166138,0.016239335760474205
130,0.41113221645355225,0.7106937766075134,0.054084450006484985
131,0.44402623176574707,0.8034886717796326,-0.015438837930560112
132,0.46856579184532166,0.7623252272605896,0.19172728061676025
133,0.443090558052063,0.7083638906478882,0.010427752509713173
134,0.44305700063705444,0.8001675009727478,-0.031082628294825554
135,0.4810778498649597,0.8597815036773682,0.12434796988964081
136,0.4970160722732544,0.8590186834335327,0.1505955010652542
137,0.43584221601486206,0.7508399486541748,0.14854758977890015
138,0.4726793169975281,0.8357013463973999,0.14124929904937744
139,0.39883771538734436,0.6720007658004761,0.10141444951295853
140,0.5064648985862732,0.9142146110534668,0.08248031139373779
141,0.4682796597480774,0.8332054615020752,-0.022067762911319733
142,0.44780030846595764,0.7863611578941345,0.016238071024417877
143,0.4194396734237671,0.7155994772911072,0.09243511408567429
144,0.41832610964775085,0.7191823720932007,0.03344270959496498
145,0.42605096101760864,0.7188591361045837,0.025795767083764076
146,0.4767076373100281,0.8788694739341736,0.04588833823800087
147,0.4366998076438904,0.7930414080619812,0.11493170261383057
148,0.5268166065216064,0.9294856190681458,0.08252407610416412
149,0.5105586647987366,0.9004578590393066,0.11415881663560867
150,0.5047741532325745,0.8832194209098816,0.13015812635421753
151,0.434705525636673,0.6237149834632874,-0.06275473535060883
152,0.5437924265861511,0.9340522289276123,0.06693749129772186
153,0.4336587190628052,0.7157333493232727,0.0187666155397892
154,0.4390486478805542,0.7113121151924133,0.014491253532469273
155,0.44194653630256653,0.7091840505599976,0.012721371836960316
156,0.4031093418598175,0.6946590542793274,0.07384023070335388
157,0.43385958671569824,0.7009633183479309,0.010586356744170189
158,0.4260019361972809,0.698918879032135,0.013547706417739391
159,0.41739752888679504,0.6995744109153748,0.02037045918405056
160,0.4110848307609558,0.7028166651725769,0.029154634103178978
161,0.4092227518558502,0.7069332599639893,0.03597007691860199
162,0.4058578312397003,0.6534209251403809,0.13022904098033905
163,0.4140281677246094,0.7174199819564819,0.040242381393909454
164,0.48286670446395874,0.8438994288444519,-0.011941902339458466
165,0.4624330401420593,0.8487175703048706,0.019092651084065437
166,0.4518665373325348,0.8222483992576599,-0.0076903183944523335
167,0.4721834659576416,0.8463689088821411,-0.0020108050666749477
168,0.45536601543426514,0.7032268047332764,-0.0418427549302578
169,0.48995137214660645,0.8807423114776611,0.1105295941233635
170,0.4989512860774994,0.8964137434959412,0.09711658954620361
171,0.5166074633598328,0.9294652938842773,0.06525582075119019
172,0.49128127098083496,0.8311976194381714,0.17312799394130707
173,0.4393118619918823,0.7055166363716125,0.010459773242473602
174,0.4471738934516907,0.7630853056907654,-0.022908063605427742
175,0.5340243577957153,0.9334229826927185,0.05008646845817566
176,0.5167359113693237,0.9170323610305786,0.09823893010616302
177,0.44944024085998535,0.7786042094230652,0.15374378859996796
178,0.4823155403137207,0.8749029040336609,0.021261688321828842
179,0.48093166947364807,0.8781640529632568,0.023299025371670723
180,0.4807523488998413,0.8821309208869934,0.024195659905672073
181,0.48201069235801697,0.8871867656707764,0.028525346890091896
182,0.49483102560043335,0.898929238319397,0.04299629107117653
183,0.4775877296924591,0.8743472099304199,0.03848930075764656
184,0.47577103972435,0.8738417029380798,0.040516480803489685
185,0.47410091757774353,0.8727792501449585,0.04203725606203079
186,0.46480274200439453,0.8652370572090149,0.04727761819958687
187,0.43982750177383423,0.8115971684455872,0.08624202758073807
188,0.4483160376548767,0.7412446141242981,-0.01798895001411438
189,0.4406002461910248,0.6997100710868835,-0.00766545906662941
190,0.43990054726600647,0.700347363948822,0.003003143472597003
191,0.47958478331565857,0.8745834827423096,0.03910766541957855
192,0.45836254954338074,0.8328479528427124,0.11188466101884842
193,0.4391328692436218,0.7037038803100586,-0.02625713311135769
194,0.4991489350795746,0.9020081162452698,0.05622633546590805
195,0.45404496788978577,0.7750365734100342,-0.049679625779390335
196,0.4480132460594177,0.7574861645698547,-0.03750033676624298
197,0.45512306690216064,0.7541233897209167,-0.04649884253740311
198,0.4473034143447876,0.7867677211761475,-0.01264264527708292
199,0.5269195437431335,0.9256255030632019,0.03978578746318817
200,0.5211519598960876,0.9142653346061707,0.033934153616428375
201,0.5091587901115417,0.9119826555252075,0.04482647031545639
202,0.4770752787590027,0.8809171915054321,0.07115049660205841
203,0.4507220387458801,0.8197736740112305,0.027158686891198158
204,0.48835641145706177,0.89212965965271,0.0647997036576271
205,0.438581258058548,0.814326822757721,0.0470772348344326
206,0.45002350211143494,0.8339817523956299,0.03907369449734688
207,0.44642481207847595,0.8307624459266663,0.06634300202131271
208,0.5110924243927002,0.9225896000862122,0.05420920252799988
209,0.448957622051239,0.7909946441650391,0.0007257168181240559
210,0.4798290729522705,0.8791018724441528,0.09088600426912308
211,0.4917583465576172,0.893010139465332,0.08137910068035126
212,0.4662848114967346,0.8674324154853821,0.07444677501916885
213,0.4494122266769409,0.8119060397148132,0.12290829420089722
214,0.4655323624610901,0.856106698513031,0.09253086149692535
215,0.4615950584411621,0.8057628870010376,0.1553259640932083
216,0.45540106296539307,0.8501887917518616,0.054217543452978134
217,0.448167622089386,0.7693990468978882,-0.008308249525725842
218,0.4468473792076111,0.8214260339736938,-0.019483286887407303
219,0.44860273599624634,0.821557879447937,-0.005189863499253988
220,0.4428843855857849,0.816844642162323,-0.03015974722802639
221,0.428198903799057,0.6888654232025146,-0.008002877235412598
222,0.4118582308292389,0.6845786571502686,-0.0007902211509644985
223,0.4000805616378784,0.6863127946853638,0.010292280465364456
224,0.3938562572002411,0.6904295086860657,0.02491210401058197
225,0.39491647481918335,0.6958377361297607,0.038170501589775085
226,0.41285544633865356,0.7134347558021545,0.0622275210916996
227,0.42337536811828613,0.7225651741027832,0.13865189254283905
228,0.4174339175224304,0.7367880940437317,0.05476752668619156
229,0.4220624566078186,0.7423198819160461,0.042917557060718536
230,0.43085265159606934,0.7411695718765259,0.03076326847076416
231,0.43951910734176636,0.735296905040741,0.01891099475324154
232,0.44397714734077454,0.7290750741958618,0.010144281201064587
233,0.4460134506225586,0.7242043614387512,0.003642655909061432
234,0.442414253950119,0.7009929418563843,0.17696510255336761
235,0.4528060257434845,0.8236163258552551,3.2250369258690625e-05
236,0.44556158781051636,0.7815342545509338,-0.025567712262272835
237,0.4475923180580139,0.8258619904518127,-0.03175368905067444
238,0.4584474265575409,0.8294458389282227,-0.029791954904794693
239,0.4518269896507263,0.8251410722732544,-0.026472249999642372
240,0.45841139554977417,0.827039361000061,0.0018739053048193455
241,0.4588262140750885,0.8323007225990295,-0.033012256026268005
242,0.46549779176712036,0.8319323062896729,-0.021115174517035484
243,0.44472452998161316,0.7094448804855347,0.005382120609283447
244,0.44651222229003906,0.7155370116233826,-0.0046032145619392395
245,0.4440753757953644,0.7221526503562927,-0.011964847333729267
246,0.40933680534362793,0.7096982598304749,0.042284075170755386
247,0.40495213866233826,0.70455002784729,0.0457514151930809
248,0.46530959010124207,0.7737358212471008,-0.05325066298246384
249,0.562425971031189,0.6728736162185669,-0.060156624764204025
250,0.4822138845920563,0.8269681930541992,-0.030979959294199944
251,0.6266887187957764,0.5626072883605957,-0.06484013050794601
252,0.5254800915718079,0.6981961131095886,-0.0486886166036129
253,0.5383614301681519,0.6965110301971436,-0.053991686552762985
254,0.5523169636726379,0.6928728818893433,-0.05761894956231117
255,0.5725842714309692,0.6756205558776855,-0.059913139790296555
256,0.5146352648735046,0.6966912746429443,-0.04086465388536453
257,0.5337302088737488,0.6491011381149292,-0.06850866973400116
258,0.5192887187004089,0.6548088788986206,-0.060193564742803574
259,0.5497180819511414,0.6470862627029419,-0.07092444598674774
260,0.5621207356452942,0.6494377255439758,-0.07027345150709152
261,0.5893901586532593,0.6842014789581299,-0.056951720267534256
262,0.5693050026893616,0.9040703773498535,0.022072933614253998
263,0.5690745711326599,0.6654214859008789,-0.06042799726128578
264,0.6444848775863647,0.6338526010513306,-0.0405004546046257
265,0.6085333824157715,0.6662696003913879,-0.05845746770501137
266,0.542662501335144,0.7790487408638,-0.03657922148704529
267,0.4929727017879486,0.8630688786506653,-0.01680196076631546
268,0.4965309202671051,0.8727806210517883,-0.007804401684552431
269,0.5070028901100159,0.866322934627533,-0.018940884619951248
270,0.5178288817405701,0.8687438368797302,-0.018139883875846863
271,0.5071783661842346,0.8725457191467285,-0.01171566266566515
272,0.5166167616844177,0.8724333047866821,-0.010356712155044079
273,0.5621859431266785,0.8735377788543701,-0.002501769457012415
274,0.46810129284858704,0.8280031681060791,-0.04990536347031593
275,0.46491366624832153,0.8158941268920898,-0.056900326162576675
276,0.580485463142395,0.6294276714324951,-0.08363659679889679
277,0.5108343958854675,0.7442753314971924,-0.03833315521478653
278,0.5090031027793884,0.807170033454895,-0.042533326894044876
279,0.51120924949646,0.795886754989624,-0.042192667722702026
280,0.5854295492172241,0.7592208385467529,-0.048095058649778366
281,0.464244544506073,0.7945976257324219,-0.05742426589131355
282,0.5325760841369629,0.6259164214134216,-0.08420952409505844
283,0.5576476454734802,0.6241698861122131,-0.08655630797147751
284,0.5960997939109802,0.5507165193557739,-0.08343695104122162
285,0.475154310464859,0.6600134372711182,-0.06000444293022156
286,0.5090637803077698,0.6640723943710327,-0.050273776054382324
287,0.5661913752555847,0.8609588146209717,-0.01072133518755436
288,0.6770687699317932,0.764657199382782,0.039877038449048996
289,0.5026350617408752,0.8171260952949524,-0.032509852200746536
290,0.49490880966186523,0.823438823223114,-0.022911958396434784
291,0.5336109399795532,0.8718448877334595,-0.008306066505610943
292,0.5305997133255005,0.8720541596412659,-0.007416978478431702
293,0.5653197169303894,0.6098030805587769,-0.08927161246538162
294,0.5141697525978088,0.8103860020637512,-0.03490377590060234
295,0.5049286484718323,0.6363749504089355,-0.07562921941280365
296,0.5034629702568054,0.6221998333930969,-0.08195341378450394
297,0.51262366771698,0.5559208393096924,-0.09855839610099792
298,0.5783271193504333,0.5827913880348206,-0.08718936890363693
299,0.5056616067886353,0.5954107046127319,-0.08989045023918152
300,0.5925803780555725,0.6174494028091431,-0.0825527235865593
301,0.6062332987785339,0.591208279132843,-0.0741937905550003
302,0.49430525302886963,0.868837296962738,-0.013882209546864033
303,0.5064132213592529,0.8700373768806458,-0.015773143619298935
304,0.5167273879051208,0.8708769679069519,-0.014799552038311958
305,0.5015139579772949,0.8199014067649841,-0.02617560140788555
306,0.5318720936775208,0.8720425963401794,-0.007539374753832817
307,0.525840163230896,0.8746857047080994,-0.006592423189431429
308,0.5293075442314148,0.8720067739486694,-0.006807289551943541
309,0.4892132580280304,0.8188488483428955,-0.04580238088965416
310,0.517160177230835,0.8731092810630798,-0.006009270437061787
311,0.5083299279212952,0.873806357383728,-0.0043846420012414455
312,0.4990135431289673,0.8747440576553345,-0.000862479442730546
313,0.530055046081543,0.9023258686065674,0.020331766456365585
314,0.5021008253097534,0.8895372152328491,0.00562613271176815
315,0.4992793798446655,0.8836609721183777,0.0010381520260125399
316,0.49807360768318176,0.878290057182312,0.00024750817101448774
317,0.49800676107406616,0.8740876913070679,-0.0015499728033319116
318,0.5165512561798096,0.8731828927993774,-0.006483049597591162
319,0.517626941204071,0.8748910427093506,-0.005516720470041037
320,0.519221305847168,0.8774322867393494,-0.00564816128462553
321,0.5215774178504944,0.8805264830589294,-0.004345924127846956
322,0.5389320254325867,0.8437985777854919,-0.022520985454320908
323,0.6798728108406067,0.6793237328529358,0.019746830686926842
324,0.5234749913215637,0.8727664351463318,-0.006972490809857845
325,0.5242785215377808,0.8736101984977722,-0.006486906204372644
326,0.49334514141082764,0.8299516439437866,-0.020899249240756035
327,0.5148480534553528,0.8184773325920105,-0.021193621680140495
328,0.493974894285202,0.8268929123878479,-0.022130213677883148
329,0.5266207456588745,0.7482019662857056,-0.03914006054401398
330,0.5492270588874817,0.7535155415534973,-0.04353072866797447
331,0.5172252655029297,0.7994715571403503,-0.035491619259119034
332,0.5589428544044495,0.5479145646095276,-0.09523893147706985
333,0.5454959273338318,0.5828270316123962,-0.09205576032400131
334,0.5354626774787903,0.610954999923706,-0.08940936625003815
335,0.5542442798614502,0.8834317922592163,0.002171021420508623
336,0.4721599817276001,0.6377233266830444,-0.07052814215421677
337,0.4704683721065521,0.6103211641311646,-0.08003302663564682
338,0.47053664922714233,0.5679179430007935,-0.08869768679141998
339,0.5651025772094727,0.6853609085083008,-0.059284672141075134
340,0.6103957295417786,0.6924229860305786,-0.05577607452869415
341,0.5075086355209351,0.6941982507705688,-0.03785623610019684
342,0.5821187496185303,0.6514109373092651,-0.070737324655056
343,0.4981362521648407,0.7390038967132568,-0.039958905428647995
344,0.4952455759048462,0.8080952763557434,-0.04985513538122177
345,0.6258333325386047,0.6884509921073914,-0.05070890858769417
346,0.5977931618690491,0.7094922065734863,-0.056755125522613525
347,0.5762276649475098,0.7231921553611755,-0.05444076284766197
348,0.546872615814209,0.7279193997383118,-0.04599372297525406
349,0.5265551209449768,0.7253676056861877,-0.04026278853416443
350,0.5114388465881348,0.7219262719154358,-0.03732326254248619
351,0.4697083532810211,0.7295851111412048,-0.04620364308357239
352,0.6275080442428589,0.7260857820510864,-0.043259359896183014
353,0.5961224436759949,0.645613431930542,-0.07350658625364304
354,0.47106486558914185,0.8325836062431335,-0.042501483112573624
355,0.5101942420005798,0.7642557621002197,-0.03683865815401077
356,0.6661180853843689,0.6095051169395447,-0.013866949826478958
357,0.49838197231292725,0.7172300815582275,-0.03636404871940613
358,0.5224699974060059,0.7957714796066284,-0.025534167885780334
359,0.576761782169342,0.6632383465766907,-0.06138192117214203
360,0.49735358357429504,0.7944481372833252,-0.04883406683802605
361,0.6814072132110596,0.7195428013801575,0.03137379139661789
362,0.5077990293502808,0.6877913475036621,-0.03880595415830612
363,0.47990718483924866,0.7932976484298706,-0.055680952966213226
364,0.6291309595108032,0.843578577041626,0.014966357499361038
365,0.6451220512390137,0.8429190516471863,0.039319295436143875
366,0.657006561756134,0.703037679195404,-0.014894342049956322
367,0.6456881761550903,0.8116248250007629,0.011832797899842262
368,0.6264310479164124,0.6089382171630859,-0.05614323168992996
369,0.5791420340538025,0.9109247922897339,0.03115817718207836
370,0.4763161540031433,0.8316038846969604,-0.02653256244957447
371,0.5255274772644043,0.7706725597381592,-0.034661635756492615
372,0.6264696717262268,0.6639871597290039,-0.055401161313056946
373,0.5466567873954773,0.683265745639801,-0.058348532766103745
374,0.5348456501960754,0.6871923804283142,-0.055239927023649216
375,0.5283595323562622,0.8760453462600708,-0.006240090820938349
376,0.6320378184318542,0.7557011246681213,-0.027003146708011627
377,0.566953718662262,0.92783123254776,0.05472800135612488
378,0.605595588684082,0.8950309157371521,0.043368782848119736
379,0.6234392523765564,0.8740584850311279,0.04042992740869522
380,0.5248713493347168,0.68833327293396,-0.0501248836517334
381,0.5159368515014648,0.6878364086151123,-0.044552240520715714
382,0.5104755759239197,0.6878862977027893,-0.040359001606702805
383,0.6109790802001953,0.6365059018135071,-0.06984847038984299
384,0.5157985091209412,0.6748700141906738,-0.050494104623794556
385,0.5255269408226013,0.668670654296875,-0.0571877583861351
386,0.5366560220718384,0.6652330160140991,-0.06237197294831276
387,0.5492305755615234,0.6634102463722229,-0.06506840884685516
388,0.5580905675888062,0.6637888550758362,-0.06475455313920975
389,0.6485112309455872,0.5811681747436523,-0.03916424140334129
390,0.5553528070449829,0.6783715486526489,-0.05976282060146332
391,0.5248680710792542,0.8389609456062317,-0.022064058110117912
392,0.5000343918800354,0.8163671493530273,-0.036101002246141434
393,0.49766457080841064,0.8426299095153809,-0.018842585384845734
394,0.6133040189743042,0.8706220984458923,0.022442206740379333
395,0.5970348119735718,0.8908459544181824,0.028051799163222313
396,0.5579723119735718,0.927554726600647,0.03766271844506264
397,0.6638557314872742,0.8070621490478516,0.04073279723525047
398,0.5101690292358398,0.6829519271850586,-0.04385748878121376
399,0.4821018874645233,0.7556249499320984,-0.04661339521408081
400,0.5868950486183167,0.9139033555984497,0.046031877398490906
401,0.6600256562232971,0.7378911375999451,-0.0020005011465400457
402,0.5075905323028564,0.873477578163147,-0.005026387982070446
403,0.5084037184715271,0.8764722943305969,-0.003951686900109053
404,0.5098965167999268,0.8806476593017578,-0.00409680837765336
405,0.5123427510261536,0.8855689764022827,-0.0015650751302018762
406,0.543653130531311,0.8934348225593567,0.008366817608475685
407,0.5245106816291809,0.8722964525222778,-0.009689760394394398
408,0.525553286075592,0.8714439868927002,-0.012546014040708542
409,0.5269971489906311,0.8702512383460999,-0.015245446935296059
410,0.5529042482376099,0.8517661094665527,-0.0203532911837101
411,0.6064098477363586,0.7815221548080444,-0.03263344243168831
412,0.48371386528015137,0.7335449457168579,-0.04251778870820999
413,0.4912361800670624,0.6816824078559875,-0.03969511389732361
414,0.5022301077842712,0.6791417598724365,-0.042180344462394714
415,0.523826539516449,0.8726267218589783,-0.006607240531593561
416,0.6235863566398621,0.8074641823768616,-0.008842546492815018
417,0.4744868278503418,0.6895925402641296,-0.04485717788338661
418,0.5575705766677856,0.8976039886474609,0.016506051644682884
419,0.4677356481552124,0.7531754970550537,-0.050277985632419586
420,0.49632367491722107,0.7775083184242249,-0.043265532702207565
421,0.53972989320755,0.9097332954406738,0.025810953229665756
422,0.580329179763794,0.8692845106124878,0.0010921424254775047
423,0.5367947816848755,0.8036271929740906,-0.025784695520997047
424,0.5715793967247009,0.8841193318367004,0.009499889798462391
425,0.5663292407989502,0.7906255722045898,-0.037053752690553665
426,0.5509170889854431,0.8162636160850525,-0.02732841856777668
427,0.5856980681419373,0.8074859380722046,-0.029675861820578575
428,0.5491906404495239,0.9201973676681519,0.028580034151673317
429,0.5096103549003601,0.7798196077346802,-0.037464823573827744
430,0.5991789698600769,0.8676186203956604,0.008580293506383896
431,0.5850584506988525,0.8861798644065857,0.018428079783916473
432,0.5837090015411377,0.8518025279045105,-0.010745524428784847
433,0.6361390352249146,0.7792579531669617,-0.012626535259187222
434,0.6066064238548279,0.8380268812179565,-0.007831623777747154
435,0.6586917042732239,0.7724391222000122,0.008130660280585289
436,0.5661478638648987,0.8326756358146667,-0.02412554621696472
437,0.4965408444404602,0.7596124410629272,-0.04147207364439964
438,0.4916069209575653,0.8165760636329651,-0.049576107412576675
439,0.5051381587982178,0.8140228390693665,-0.039327867329120636
440,0.4795544147491455,0.8116196393966675,-0.05502508208155632
441,0.49564048647880554,0.6646263599395752,-0.05231033265590668
442,0.5133922100067139,0.6491327285766602,-0.06555559486150742
443,0.5322530269622803,0.6411346197128296,-0.07383953779935837
444,0.5515028834342957,0.6386194229125977,-0.0775739923119545
445,0.5684381723403931,0.6412516236305237,-0.07684354484081268
446,0.5908656120300293,0.6657519340515137,-0.0608372688293457
447,0.6526745557785034,0.6680751442909241,-0.02916557900607586
448,0.5797298550605774,0.6949882507324219,-0.05640862509608269
449,0.5635328888893127,0.7056647539138794,-0.05380000174045563
450,0.5435083508491516,0.7104548811912537,-0.048561953008174896
451,0.5260173678398132,0.7104818224906921,-0.043273475021123886
452,0.5130746960639954,0.7084013223648071,-0.03688017278909683
453,0.5031853318214417,0.7062437534332275,-0.034521277993917465
454,0.6749743223190308,0.6423355937004089,0.004790563602000475
455,0.5083945989608765,0.8155624270439148,-0.03326515853404999
456,0.4799765944480896,0.774603009223938,-0.049926262348890305
457,0.47842705249786377,0.8224425315856934,-0.05105498805642128
458,0.4787675738334656,0.8274098038673401,-0.040960535407066345
459,0.4824345111846924,0.8223198652267456,-0.04614037647843361
460,0.5081897974014282,0.8194455504417419,-0.025920744985342026
461,0.47534608840942383,0.8301570415496826,-0.04208771884441376
462,0.47997909784317017,0.8299036026000977,-0.0286933071911335
463,0.5023698210716248,0.6904466152191162,-0.0353756807744503
464,0.4939368963241577,0.6994917988777161,-0.03463387489318848
465,0.48689550161361694,0.7073458433151245,-0.03707965835928917
466,0.5640131235122681,0.6647234559059143,-0.06311962753534317
467,0.5723810195922852,0.6540572643280029,-0.0671195536851883
468,0.4263651669025421,0.7026699185371399,0.02579646185040474
469,0.4346594512462616,0.7007254958152771,0.02579646185040474
470,0.4246112108230591,0.6907626986503601,0.02579646185040474
471,0.4179924726486206,0.704441249370575,0.02579646185040474
472,0.42814862728118896,0.7146358489990234,0.02579646185040474
473,0.5404615998268127,0.6716150045394897,-0.0546644926071167
474,0.5537500977516174,0.6682252883911133,-0.0546644926071167
475,0.5371506810188293,0.6568056344985962,-0.0546644926071167
476,0.5275353789329529,0.6746639609336853,-0.0546644926071167
477,0.5436335802078247,0.686274528503418,-0.0546644926071167
