0,0.5211052298545837,0.9687005877494812,0.015067062340676785
1,0.5296480655670166,0.9535167813301086,-0.050071004778146744
2,0.5286305546760559,0.949183464050293,-0.008024814538657665
3,0.5182307362556458,0.8915363550186157,-0.06735292822122574
4,0.53003990650177,0.9438166618347168,-0.06201610714197159
5,0.5300807952880859,0.9191961288452148,-0.06943497061729431
6,0.5303199887275696,0.8378739356994629,-0.07685152441263199
7,0.42807912826538086,0.7894116044044495,-0.041980594396591187
8,0.531000018119812,0.7842649221420288,-0.09480995684862137
9,0.5315316915512085,0.7631643414497375,-0.11190257966518402
10,0.5330053567886353,0.655989408493042,-0.1577562540769577
11,0.5215351581573486,0.9729070067405701,0.020826321095228195
12,0.5220581889152527,0.9765406847000122,0.02736649289727211
13,0.5226147770881653,0.9789528250694275,0.039230965077877045
14,0.5234510898590088,0.9846968650817871,0.043195344507694244
15,0.5236978530883789,0.9923078417778015,0.05021734908223152
16,0.5238897204399109,1.0005133152008057,0.05286315456032753
17,0.5243151187896729,1.0077621936798096,0.06040309742093086
18,0.5268986225128174,0.9972639083862305,0.07904835790395737
19,0.5293451547622681,0.954062819480896,-0.04007457569241524
20,0.5137791037559509,0.9440143704414368,-0.023477761074900627
21,0.3684055805206299,0.6591199040412903,-0.042896568775177
22,0.4719626307487488,0.8084865212440491,-0.0449335053563118
23,0.4583825469017029,0.8080915212631226,-0.04355700686573982
24,0.4437006711959839,0.8049619793891907,-0.04134761542081833
25,0.4216129779815674,0.7902840375900269,-0.03638012707233429
26,0.48197630047798157,0.8066698908805847,-0.04465900734066963
27,0.4455508291721344,0.773409903049469,-0.06861335784196854
28,0.4609133303165436,0.7767412662506104,-0.06930036842823029
29,0.43192005157470703,0.7728163003921509,-0.06341825425624847
30,0.4233441948890686,0.7746744751930237,-0.05724335461854935
31,0.41042953729629517,0.7937310934066772,-0.025841698050498962
32,0.48287561535835266,0.9919858574867249,0.10803300142288208
33,0.42086857557296753,0.7843341827392578,-0.040982116013765335
34,0.37124815583229065,0.7288587093353271,0.012907568365335464
35,0.3909715414047241,0.7763158082962036,-0.02386443130671978
36,0.46071913838386536,0.8800127506256104,-0.007444822229444981
37,0.5050245523452759,0.9623602032661438,0.014458784833550453
38,0.5077095031738281,0.9723398089408875,0.028171852231025696
39,0.49259766936302185,0.9581269025802612,0.02273392863571644
40,0.4842331111431122,0.9537631273269653,0.03342347592115402
41,0.4964246153831482,0.9666334986686707,0.03188825398683548
42,0.4881100654602051,0.9610897898674011,0.04048161208629608
43,0.47160714864730835,0.9540002346038818,0.07177262008190155
44,0.518733561038971,0.950751543045044,-0.049909815192222595
45,0.5166200995445251,0.9409322738647461,-0.06138063967227936
46,0.400137335062027,0.7559747695922852,-0.06978259235620499
47,0.4876238703727722,0.8437073826789856,-0.03556409105658531
48,0.4848470091819763,0.9152664542198181,-0.02558433823287487
49,0.48470640182495117,0.9030170440673828,-0.026655232533812523
50,0.42124345898628235,0.8560104370117188,0.001706332783214748
51,0.5171340703964233,0.9173225164413452,-0.06653599441051483
52,0.4359908103942871,0.7601339221000671,-0.09609842300415039
53,0.4150516092777252,0.7557829022407532,-0.08554306626319885
54,0.38022714853286743,0.6490442156791687,-0.08186540752649307
55,0.49916115403175354,0.7865981459617615,-0.09544319659471512
56,0.4742521643638611,0.7829292416572571,-0.06329429149627686
57,0.4616904854774475,0.9434750080108643,0.06350556761026382
58,0.40172940492630005,0.8381332159042358,0.15301558375358582
59,0.49352434277534485,0.9244507551193237,-0.016487136483192444
60,0.5039486885070801,0.9348843097686768,-0.010900993831455708
61,0.47109922766685486,0.9473094940185547,0.061271507292985916
62,0.47427287697792053,0.9503880739212036,0.057952702045440674
63,0.40623173117637634,0.7413283586502075,-0.08835562318563461
64,0.4847536087036133,0.9145921468734741,-0.014946962706744671
65,0.4637603759765625,0.7696031332015991,-0.09978614002466202
66,0.4616391062736511,0.7569573521614075,-0.11107170581817627
67,0.4391215443611145,0.6471102237701416,-0.1426335871219635
68,0.3927895426750183,0.6882157325744629,-0.08634750545024872
69,0.4498438239097595,0.6975116729736328,-0.12810830771923065
70,0.3897608518600464,0.7413983941078186,-0.06710189580917358
71,0.3802715539932251,0.6940497756004333,-0.05663757398724556
72,0.5061841607093811,0.9678748846054077,0.020204007625579834
73,0.49454015493392944,0.9626264572143555,0.02755148708820343
74,0.48604777455329895,0.9575027227401733,0.036540135741233826
75,0.49608176946640015,0.9270437955856323,-0.011644301936030388
76,0.4727877676486969,0.9489338397979736,0.059414010494947433
77,0.4788937270641327,0.9596107006072998,0.05862944945693016
78,0.47551801800727844,0.9515900015830994,0.0579228438436985
79,0.5017367005348206,0.9335077404975891,-0.036050308495759964
80,0.489734947681427,0.9636811017990112,0.04620860889554024
81,0.49813777208328247,0.9697192907333374,0.04190223664045334
82,0.509245753288269,0.975462794303894,0.039359211921691895
83,0.5102663636207581,0.9925458431243896,0.07871797680854797
84,0.508086621761322,1.002963900566101,0.05938626080751419
85,0.5079477429389954,0.9957560896873474,0.05243215337395668
86,0.5084572434425354,0.9877886772155762,0.04960016533732414
87,0.5095630884170532,0.9808485507965088,0.0432094931602478
88,0.4893774092197418,0.9657583236694336,0.04882878437638283
89,0.48759716749191284,0.9680549502372742,0.05287611857056618
90,0.4856364130973816,0.9710454344749451,0.05511989817023277
91,0.48421892523765564,0.9739246368408203,0.05977310240268707
92,0.47430118918418884,0.9397467970848083,0.026499591767787933
93,0.37981581687927246,0.7588862776756287,0.10950932651758194
94,0.5290074348449707,0.9518764615058899,-0.02047211490571499
95,0.4829665422439575,0.959168553352356,0.05373600870370865
96,0.48094213008880615,0.9593992233276367,0.05672746151685715
97,0.5098159313201904,0.943320631980896,-0.0052449363283813
98,0.4876687526702881,0.9207748174667358,0.00013003646745346487
99,0.5068760514259338,0.9395812749862671,-0.008988471701741219
100,0.47548460960388184,0.8459523916244507,-0.025312064215540886
101,0.45298445224761963,0.8517858982086182,-0.016575533896684647
102,0.483053058385849,0.9032909274101257,-0.016192525625228882
103,0.40213480591773987,0.6443663835525513,-0.11531786620616913
104,0.41462355852127075,0.6880772113800049,-0.10971157252788544
105,0.4308035969734192,0.7453889846801758,-0.10397227108478546
106,0.4821895658969879,0.9672368168830872,0.07411400228738785
107,0.49591922760009766,0.7692248225212097,-0.11287089437246323
108,0.48795342445373535,0.7068777084350586,-0.1362869143486023
109,0.48158347606658936,0.6512365341186523,-0.15545232594013214
110,0.4300204813480377,0.7982499003410339,-0.03818586841225624
111,0.3953789472579956,0.7971029877662659,-0.01392299309372902
112,0.48721951246261597,0.8047804832458496,-0.04552563279867172
113,0.40761294960975647,0.7719967365264893,-0.049680717289447784
114,0.4965669512748718,0.8411586880683899,-0.044978003948926926
115,0.4929143786430359,0.9231366515159607,-0.040263496339321136
116,0.3857700824737549,0.7851001620292664,0.005762684158980846
117,0.40766218304634094,0.8130614757537842,-0.014990138821303844
118,0.427193284034729,0.8261631727218628,-0.020502237603068352
119,0.45330706238746643,0.8314225077629089,-0.024773644283413887
120,0.47233453392982483,0.8300266861915588,-0.030280984938144684
121,0.48532986640930176,0.8278056383132935,-0.037444401532411575
122,0.5163373351097107,0.8373330235481262,-0.07137670367956161
123,0.3911580741405487,0.8193837404251099,0.025662118569016457
124,0.3943656086921692,0.7634569406509399,-0.04898834228515625
125,0.5223029851913452,0.9526765942573547,-0.03993150219321251
126,0.4884358048439026,0.8667148947715759,-0.028939930722117424
127,0.3666553497314453,0.696215033531189,0.04631936550140381
128,0.4953708052635193,0.8251532316207886,-0.044905874878168106
129,0.48202836513519287,0.8958247900009155,-0.004561296198517084
130,0.41536200046539307,0.7812911868095398,-0.03871091455221176
131,0.4925957918167114,0.9076346755027771,-0.04177781939506531
132,0.38874346017837524,0.7962854504585266,0.13351532816886902
133,0.484635591506958,0.7997429370880127,-0.047935474663972855
134,0.5044248700141907,0.9125891923904419,-0.05718008056282997
135,0.43216589093208313,0.9207502007484436,0.12078842520713806
136,0.4340616762638092,0.9174342155456543,0.15310212969779968
137,0.38046085834503174,0.791689932346344,0.06718523800373077
138,0.41524356603622437,0.8893246650695801,0.11910494416952133
139,0.3744699954986572,0.7075819969177246,-0.021045861765742302
140,0.48036816716194153,0.999114990234375,0.12669330835342407
141,0.5229652523994446,0.9504324793815613,-0.020107096061110497
142,0.4775353670120239,0.870953381061554,-0.017243845388293266
143,0.37691372632980347,0.7707421183586121,-0.012929323129355907
144,0.4459685683250427,0.7980977892875671,-0.045461151748895645
145,0.4592861235141754,0.8009381294250488,-0.04734591767191887
146,0.47704455256462097,0.9596173763275146,0.06182880327105522
147,0.397127628326416,0.8448982238769531,0.053917206823825836
148,0.5004523992538452,1.0194873809814453,0.1483323574066162
149,0.4671746492385864,0.9769958257675171,0.1484409123659134
150,0.4529242515563965,0.9513529539108276,0.14992259442806244
151,0.5322970151901245,0.7119383215904236,-0.1371784210205078
152,0.5253366231918335,1.0271327495574951,0.14907993376255035
153,0.4700241982936859,0.8006481528282166,-0.048316117376089096
154,0.4791863262653351,0.7992639541625977,-0.047799255698919296
155,0.48375263810157776,0.7992307543754578,-0.04715702310204506
156,0.38165712356567383,0.7513321042060852,-0.041376110166311264
157,0.4726789593696594,0.7938938736915588,-0.05759790539741516
158,0.4605284035205841,0.7921231389045715,-0.06118300184607506
159,0.44812294840812683,0.7911561727523804,-0.06071155145764351
160,0.4363235533237457,0.7896122932434082,-0.05696393549442291
161,0.42894285917282104,0.7880539298057556,-0.05220627039670944
162,0.3642588257789612,0.673605740070343,0.0013314640382304788
163,0.4358593225479126,0.7939172387123108,-0.04349348694086075
164,0.5282116532325745,0.9541851878166199,0.0021020330023020506
165,0.4849952459335327,0.9407758712768555,0.014873982407152653
166,0.49364036321640015,0.9257631301879883,-0.02389873005449772
167,0.5092129111289978,0.9510888457298279,0.0038799180183559656
168,0.5305023789405823,0.8051310181617737,-0.08284243941307068
169,0.44898709654808044,0.9492934942245483,0.1263163983821869
170,0.4643798768520355,0.9734745025634766,0.12813124060630798
171,0.5001999735832214,1.0189231634140015,0.12546969950199127
172,0.41729527711868286,0.8802115321159363,0.15616858005523682
173,0.48052677512168884,0.7972778677940369,-0.05240784212946892
174,0.5065995454788208,0.8661969304084778,-0.05776175856590271
175,0.5261270403862,1.026940107345581,0.12663139402866364
176,0.48237863183021545,1.0015342235565186,0.14696714282035828
177,0.38840192556381226,0.8223853707313538,0.0917917937040329
178,0.49810704588890076,0.9737358689308167,0.04527001455426216
179,0.4964132010936737,0.9783638119697571,0.05047500506043434
180,0.4951094686985016,0.9842029213905334,0.05280721187591553
181,0.49446046352386475,0.9904083609580994,0.05844125151634216
182,0.49470585584640503,0.9813678860664368,0.0752735584974289
183,0.48107486963272095,0.9557448625564575,0.04883267730474472
184,0.4788846969604492,0.9527836441993713,0.04800375550985336
185,0.4772268831729889,0.9498341679573059,0.046331748366355896
186,0.466346800327301,0.940298318862915,0.0417514368891716
187,0.4147097170352936,0.8729236721992493,0.03809656575322151
188,0.5063828229904175,0.8391238451004028,-0.05789601430296898
189,0.49558040499687195,0.7970048785209656,-0.06199245527386665
190,0.4859914183616638,0.793869137763977,-0.05726097151637077
191,0.4831247925758362,0.9582780003547668,0.052163101732730865
192,0.4177172780036926,0.8904038071632385,0.08217258751392365
193,0.509667158126831,0.805159866809845,-0.07550583779811859
194,0.4886232912540436,0.9842880964279175,0.09206465631723404
195,0.5300695300102234,0.8927751779556274,-0.07138635963201523
196,0.517172634601593,0.8663449287414551,-0.07167460769414902
197,0.5301638841629028,0.8670065999031067,-0.07478237897157669
198,0.4963441491127014,0.8870194554328918,-0.04175100848078728
199,0.5265076160430908,1.0183571577072144,0.10934366285800934
200,0.5267025232315063,1.00596022605896,0.09504969418048859
201,0.5070579051971436,0.9998022317886353,0.09548322856426239
202,0.45967286825180054,0.9500771164894104,0.08316908031702042
203,0.47038713097572327,0.9028604626655579,0.005292931571602821
204,0.47301480174064636,0.966402530670166,0.08967635035514832
205,0.4405386447906494,0.8896333575248718,0.00917017925530672
206,0.45922085642814636,0.9135691523551941,0.0179448202252388
207,0.43192362785339355,0.9005171060562134,0.034552983939647675
208,0.5026829242706299,1.0109524726867676,0.10873614251613617
209,0.4887673258781433,0.8845166563987732,-0.02736360765993595
210,0.45028334856033325,0.948846697807312,0.1020411029458046
211,0.4667879343032837,0.9700022339820862,0.1091027781367302
212,0.44882020354270935,0.9343221187591553,0.06958495825529099
213,0.40394920110702515,0.8642506003379822,0.07808501273393631
214,0.4337306618690491,0.9204012751579285,0.0803520530462265
215,0.39883720874786377,0.8530887365341187,0.11272180825471878
216,0.45142534375190735,0.9225544929504395,0.03644203022122383
217,0.4971514344215393,0.8659898638725281,-0.04258788004517555
218,0.49736347794532776,0.9315282702445984,-0.040305644273757935
219,0.48842769861221313,0.9223393797874451,-0.0237429179251194
220,0.5041282773017883,0.9327701330184937,-0.05175722390413284
221,0.4849528670310974,0.7860762476921082,-0.0741535872220993
222,0.4629661738872528,0.7749741673469543,-0.08087114989757538
223,0.44305241107940674,0.7693289518356323,-0.07950671762228012
224,0.4261813759803772,0.7668598294258118,-0.07270331680774689
225,0.4142562747001648,0.7677657008171082,-0.06379725784063339
226,0.405000239610672,0.779548704624176,-0.03347387537360191
227,0.3743603229522705,0.7605089545249939,0.04048837721347809
228,0.4201349914073944,0.8039187788963318,-0.026756439357995987
229,0.43584713339805603,0.8135042190551758,-0.030198918655514717
230,0.4551907479763031,0.8181543350219727,-0.03287401795387268
231,0.4723415970802307,0.8179838061332703,-0.03672877699136734
232,0.4840245544910431,0.8160175085067749,-0.03976788744330406
233,0.49159547686576843,0.8147030472755432,-0.043140169233083725
234,0.37333428859710693,0.7245858311653137,0.08019623905420303
235,0.48893412947654724,0.9211957454681396,-0.015994856134057045
236,0.5066556334495544,0.8895702362060547,-0.055941320955753326
237,0.5083824396133423,0.942786455154419,-0.046992890536785126
238,0.5145140290260315,0.9459515810012817,-0.036651141941547394
239,0.5077084302902222,0.9396745562553406,-0.040393292903900146
240,0.49157941341400146,0.9243402481079102,-0.008522705174982548
241,0.5178831219673157,0.9500941634178162,-0.03855720907449722
242,0.5179043412208557,0.9478501081466675,-0.021751614287495613
243,0.4898355305194855,0.8020959496498108,-0.04796694219112396
244,0.49748191237449646,0.8101004362106323,-0.05151360109448433
245,0.502927303314209,0.8180206418037415,-0.055540040135383606
246,0.42423656582832336,0.7864234447479248,-0.04723235219717026
247,0.4168032109737396,0.7766239047050476,-0.04879935830831528
248,0.5415424108505249,0.8923946022987366,-0.0661623403429985
249,0.636214554309845,0.796278178691864,-0.0339089073240757
250,0.5440880060195923,0.944978654384613,-0.022551773115992546
251,0.6799924373626709,0.673735499382019,-0.0286328736692667
252,0.5867950916290283,0.8116852641105652,-0.039679307490587234
253,0.6007869243621826,0.8126638531684875,-0.03720173239707947
254,0.615829348564148,0.8109882473945618,-0.033973705023527145
255,0.6406653523445129,0.7968325614929199,-0.027792807668447495
256,0.5765197277069092,0.8090120553970337,-0.04059186205267906
257,0.615722119808197,0.7743206024169922,-0.062169693410396576
258,0.5995514988899231,0.7779048681259155,-0.06435997784137726
259,0.6299887299537659,0.7739449143409729,-0.05596405640244484
260,0.6390681266784668,0.7769193053245544,-0.049185678362846375
261,0.6472741365432739,0.8023391366004944,-0.0164521262049675
262,0.5699933767318726,0.9946838021278381,0.11175094544887543
263,0.6437685489654541,0.7906495332717896,-0.03252693638205528
264,0.6762712001800537,0.7441025972366333,0.025520751252770424
265,0.6641700863838196,0.7858939170837402,-0.01323987077921629
266,0.593319833278656,0.8847190141677856,-0.002084148582071066
267,0.5384381413459778,0.963045597076416,0.015820464119315147
268,0.5381448864936829,0.9729897975921631,0.02933625318109989
269,0.5543856620788574,0.9595866203308105,0.025648122653365135
270,0.5653625726699829,0.9554192423820496,0.037361990660429
271,0.5518110990524292,0.9676215052604675,0.034217189997434616
272,0.5621410608291626,0.9621403217315674,0.0436122864484787
273,0.5831064581871033,0.9574229717254639,0.07651659846305847
274,0.5403414964675903,0.9514718055725098,-0.04912868142127991
275,0.5430948734283447,0.9418429732322693,-0.06048091500997543
276,0.6593241095542908,0.7603235244750977,-0.05996895954012871
277,0.5685144662857056,0.846777081489563,-0.031882088631391525
278,0.572192907333374,0.9179610013961792,-0.022027619183063507
279,0.5719635486602783,0.9056620001792908,-0.022999979555606842
280,0.6303672790527344,0.8641109466552734,0.010405825451016426
281,0.5426223278045654,0.9181281924247742,-0.06540562212467194
282,0.6269608736038208,0.7586289048194885,-0.08959338814020157
283,0.6460651159286499,0.7569401860237122,-0.07722298800945282
284,0.671865701675415,0.6632904410362244,-0.0689779743552208
285,0.5632601380348206,0.7818637490272522,-0.09346483647823334
286,0.5854876637458801,0.7844605445861816,-0.05925425887107849
287,0.5930991768836975,0.9476889967918396,0.06947566568851471
288,0.6450951099395752,0.8481156229972839,0.16634076833724976
289,0.563352644443512,0.9265378713607788,-0.01386108435690403
290,0.5530961155891418,0.9360963106155396,-0.009609837085008621
291,0.5826360583305359,0.9479117393493652,0.0663868710398674
292,0.5792393088340759,0.9508761167526245,0.062424320727586746
293,0.6543983221054077,0.7440367937088013,-0.07951425760984421
294,0.5717242956161499,0.9171008467674255,-0.011481738649308681
295,0.6003960371017456,0.7658528089523315,-0.09544626623392105
296,0.6035333871841431,0.7539318799972534,-0.10645865648984909
297,0.6217905879020691,0.6564868688583374,-0.13530191779136658
298,0.6617021560668945,0.7032053470611572,-0.07636946439743042
299,0.6119045615196228,0.7071152329444885,-0.12270845472812653
300,0.6684392690658569,0.748438835144043,-0.05665501579642296
301,0.6708865165710449,0.7095159292221069,-0.04523277282714844
302,0.5385157465934753,0.9685109257698059,0.021535415202379227
303,0.5532419085502625,0.9637946486473083,0.03016689233481884
304,0.5638686418533325,0.9587739109992981,0.0399574376642704
305,0.5606215596199036,0.9288376569747925,-0.009498856030404568
306,0.5808126926422119,0.9495107531547546,0.06409171223640442
307,0.5739748477935791,0.960259735584259,0.06253162026405334
308,0.5778566598892212,0.9519284963607788,0.0622469037771225
309,0.5562264919281006,0.9355081915855408,-0.03352021053433418
310,0.5610633492469788,0.9641334414482117,0.04915822669863701
311,0.5504651069641113,0.9702114462852478,0.04412268102169037
312,0.5376479625701904,0.9758079051971436,0.04056683927774429
313,0.5434483885765076,0.993730902671814,0.07960724085569382
314,0.5413165092468262,1.0039525032043457,0.06040231138467789
315,0.5406777858734131,0.9966452121734619,0.05351056903600693
316,0.5396444201469421,0.9884967803955078,0.05073382705450058
317,0.5385220646858215,0.9814064502716064,0.04428520053625107
318,0.5616305470466614,0.966383695602417,0.05177649110555649
319,0.5636917352676392,0.9688054323196411,0.05577932298183441
320,0.5660598874092102,0.9721069931983948,0.05812041088938713
321,0.5678455829620361,0.9753203988075256,0.06292524188756943
322,0.580628514289856,0.9429917335510254,0.03112129494547844
323,0.6650769114494324,0.7713858485221863,0.12411369383335114
324,0.5693272948265076,0.9595280289649963,0.057556524872779846
325,0.5715528130531311,0.9598984718322754,0.06047675386071205
326,0.5471089482307434,0.9441789984703064,-0.003917301073670387
327,0.5682433247566223,0.9229068160057068,0.002853528829291463
328,0.5500768423080444,0.9406486749649048,-0.007691248320043087
329,0.5795140862464905,0.8498260378837585,-0.020598070695996284
330,0.6007819771766663,0.857381284236908,-0.010371658019721508
331,0.5731102228164673,0.9059022665023804,-0.012448204681277275
332,0.654424786567688,0.6571661829948425,-0.10470438748598099
333,0.6435126066207886,0.7014514207839966,-0.10179047286510468
334,0.6328139305114746,0.7452778816223145,-0.09705222398042679
335,0.5725377798080444,0.9700154066085815,0.07779289782047272
336,0.568610668182373,0.7641488909721375,-0.11064501851797104
337,0.5757126212120056,0.7120161652565002,-0.13351474702358246
338,0.5825877785682678,0.6564835906028748,-0.15183764696121216
339,0.6309307813644409,0.8051480054855347,-0.030030356720089912
340,0.6582505702972412,0.8068387508392334,-0.0034379689022898674
341,0.5710455179214478,0.8068135380744934,-0.0419938899576664
342,0.6524678468704224,0.7772896885871887,-0.04021550342440605
343,0.5606522560119629,0.8437055945396423,-0.04201168939471245
344,0.5649145245552063,0.9256450533866882,-0.037304241210222244
345,0.6633715033531189,0.7979663014411926,0.017525862902402878
346,0.6478193998336792,0.8221321105957031,-0.005079756025224924
347,0.6295503973960876,0.833293616771698,-0.012108728289604187
348,0.6035260558128357,0.8365427255630493,-0.01847834512591362
349,0.5846813321113586,0.8335695266723633,-0.02548517845571041
350,0.5720103979110718,0.8303856253623962,-0.03372844681143761
351,0.5435174107551575,0.838535487651825,-0.0702219232916832
352,0.6577790975570679,0.8310449123382568,0.037378761917352676
353,0.6631829738616943,0.7710800766944885,-0.03840430825948715
354,0.5362626910209656,0.9531083106994629,-0.03925873711705208
355,0.5675981044769287,0.8694227337837219,-0.025328967720270157
356,0.6783427596092224,0.7107916474342346,0.0611686110496521
357,0.5625167489051819,0.8268753886222839,-0.042014870792627335
358,0.5735383033752441,0.8982951045036316,-0.0008682229090481997
359,0.6473047733306885,0.7870010137557983,-0.0298339631408453
360,0.5648802518844604,0.9100199341773987,-0.038747623562812805
361,0.6570080518722534,0.8072738647460938,0.14785240590572357
362,0.5735340714454651,0.8024186491966248,-0.044275566935539246
363,0.5542994737625122,0.9142076969146729,-0.055077385157346725
364,0.6187207698822021,0.9293385148048401,0.1295163482427597
365,0.6163484454154968,0.9255422353744507,0.16335615515708923
366,0.6662474870681763,0.8049952983856201,0.0798480287194252
367,0.6340949535369873,0.8995427489280701,0.1293656826019287
368,0.6748553514480591,0.7229558825492859,-0.00894659012556076
369,0.5716665387153625,1.0022690296173096,0.1308368593454361
370,0.5349458456039429,0.9507567882537842,-0.019706007093191147
371,0.5773991942405701,0.874336302280426,-0.012947731651365757
372,0.6735538244247437,0.7812047004699707,-0.0013407989172264934
373,0.6160861253738403,0.8044801354408264,-0.03830723091959953
374,0.6015957593917847,0.805839478969574,-0.041056036949157715
375,0.5761451125144958,0.9604955315589905,0.06602831929922104
376,0.6518550515174866,0.8559802174568176,0.06517038494348526
377,0.5500596761703491,1.0212647914886475,0.15060609579086304
378,0.5836538076400757,0.9813204407691956,0.15507550537586212
379,0.5982459187507629,0.9574095010757446,0.15825122594833374
380,0.5900682806968689,0.8043896555900574,-0.043021831661462784
381,0.5802863836288452,0.8020678758621216,-0.04337756708264351
382,0.5750875473022461,0.8018302917480469,-0.04322114586830139
383,0.6728000640869141,0.7615655064582825,-0.03006289154291153
384,0.5864442586898804,0.7988107800483704,-0.05308970436453819
385,0.5996277332305908,0.798210084438324,-0.055868253111839294
386,0.6127657890319824,0.7973422408103943,-0.0544322170317173
387,0.6258207559585571,0.7953060865402222,-0.04977595806121826
388,0.6343964338302612,0.793778657913208,-0.044527169317007065
389,0.6823000907897949,0.688578188419342,0.016122855246067047
390,0.6275261640548706,0.8008401393890381,-0.03576944023370743
391,0.5707277655601501,0.9432965517044067,0.018454045057296753
392,0.5635931491851807,0.9280270934104919,-0.02130056545138359
393,0.5473058223724365,0.9523462057113647,0.005350337363779545
394,0.602344810962677,0.9558374285697937,0.13350602984428406
395,0.5876339673995972,0.9784641861915588,0.1337948739528656
396,0.5517160892486572,1.0206234455108643,0.12753663957118988
397,0.6314700841903687,0.8894763588905334,0.16816329956054688
398,0.5778477787971497,0.800822913646698,-0.04837816208600998
399,0.5519804358482361,0.8679104447364807,-0.05574006214737892
400,0.568358302116394,1.004353642463684,0.15162084996700287
401,0.6587609052658081,0.834827184677124,0.10404898971319199
402,0.5512402653694153,0.9745174646377563,0.047389786690473557
403,0.5532752275466919,0.9792951345443726,0.05266641825437546
404,0.5549679398536682,0.9853363037109375,0.055042266845703125
405,0.5561218857765198,0.991841733455658,0.060708094388246536
406,0.5595873594284058,0.9832844734191895,0.07775506377220154
407,0.5712144374847412,0.9563583135604858,0.05278407037258148
408,0.5731220841407776,0.9537193775177002,0.05246448144316673
409,0.5748196244239807,0.9510341286659241,0.05109487846493721
410,0.5885891318321228,0.9439859986305237,0.04752210155129433
411,0.635905921459198,0.8817970752716064,0.047394104301929474
412,0.552159309387207,0.8411386609077454,-0.05592197924852371
413,0.5634142160415649,0.7969828248023987,-0.059514883905649185
414,0.5725976228713989,0.795562207698822,-0.05383119359612465
415,0.569474458694458,0.9584057331085205,0.055952850729227066
416,0.632901668548584,0.8997776508331299,0.0915934219956398
417,0.5496338605880737,0.8036616444587708,-0.07407602667808533
418,0.5650241374969482,0.986621081829071,0.09506387263536453
419,0.5426129102706909,0.8673394918441772,-0.07061892002820969
420,0.5608435273170471,0.8893305659294128,-0.03907392919063568
421,0.5463184118270874,1.0009002685546875,0.09689316898584366
422,0.5939170718193054,0.9547579884529114,0.08875647187232971
423,0.5841928720474243,0.9061803817749023,0.009782785549759865
424,0.5808504223823547,0.9699410796165466,0.09399671852588654
425,0.6123250126838684,0.8959184288978577,0.01594502292573452
426,0.5947401523590088,0.9179785847663879,0.023524055257439613
427,0.6200914978981018,0.9075998663902283,0.04217323288321495
428,0.5500750541687012,1.0122748613357544,0.11061375588178635
429,0.5674007534980774,0.8870427012443542,-0.024001047015190125
430,0.6021580100059509,0.9547237157821655,0.10868576169013977
431,0.5865148305892944,0.9744482040405273,0.11414986103773117
432,0.6048267483711243,0.9400861263275146,0.0764247328042984
433,0.6453644633293152,0.8748231530189514,0.08872327953577042
434,0.6185340881347656,0.9281221032142639,0.08833829313516617
435,0.6490584015846252,0.8646299839019775,0.12439804524183273
436,0.6024300456047058,0.9277148246765137,0.04285921901464462
437,0.5600982904434204,0.868311882019043,-0.039665527641773224
438,0.5606314539909363,0.933761715888977,-0.03759802505373955
439,0.5687212944030762,0.9247991442680359,-0.02068844996392727
440,0.5546265840530396,0.9345399737358093,-0.04965542256832123
441,0.5758116841316223,0.7846555113792419,-0.0708128958940506
442,0.5990593433380127,0.7736386656761169,-0.07610823959112167
443,0.6194651126861572,0.7686761021614075,-0.07323579490184784
444,0.6360685229301453,0.7676857709884644,-0.06492958962917328
445,0.6470722556114197,0.7705460786819458,-0.05496526509523392
446,0.653924822807312,0.7871026992797852,-0.023800523951649666
447,0.6722780466079712,0.7748208045959473,0.0533907525241375
448,0.6386327743530273,0.8116503953933716,-0.01795465126633644
449,0.6218217015266418,0.8200672268867493,-0.022549744695425034
450,0.6023865938186646,0.8231040239334106,-0.026680247858166695
451,0.585400402545929,0.8213716745376587,-0.03178950771689415
452,0.573779284954071,0.8184923529624939,-0.03600531071424484
453,0.5659633874893188,0.8165602684020996,-0.04010395705699921
454,0.6710581183433533,0.7382736206054688,0.09507707506418228
455,0.5677486062049866,0.9234350323677063,-0.013017924502491951
456,0.5519489645957947,0.8912181258201599,-0.0538703016936779
457,0.5502151846885681,0.9441574811935425,-0.045295536518096924
458,0.5437933206558228,0.9469020366668701,-0.035638146102428436
459,0.5505371689796448,0.9412157535552979,-0.0385986752808094
460,0.5647988319396973,0.9262599349021912,-0.006060874089598656
461,0.5405459403991699,0.9507957696914673,-0.03776034340262413
462,0.539892852306366,0.9484425783157349,-0.02107412740588188
463,0.5682350993156433,0.8038021326065063,-0.044817645102739334
464,0.5603731274604797,0.811165452003479,-0.04906079173088074
465,0.5551491975784302,0.818795382976532,-0.05355294793844223
466,0.6398019790649414,0.7924676537513733,-0.039174724370241165
467,0.6457549929618835,0.7805750966072083,-0.04008761793375015
468,0.4625477194786072,0.7849799394607544,-0.049923375248909
469,0.4741678833961487,0.786201536655426,-0.049923375248909
470,0.4605673551559448,0.7715089321136475,-0.049923375248909
471,0.45089417695999146,0.7837956547737122,-0.049923375248909
472,0.464903861284256,0.7986145615577698,-0.049923375248909
473,0.60663902759552,0.7978315949440002,-0.043794430792331696
474,0.6207425594329834,0.7962312698364258,-0.043794430792331696
475,0.6062787175178528,0.7850276827812195,-0.043794430792331696
476,0.5923082828521729,0.7994418144226074,-0.043794430792331696
477,0.6068446636199951,0.8107229471206665,-0.043794430792331696
